"","name","P","Q"
"1","calib-orig",561.777139419789,45.2725322747668
"2","calib-corrected",595.851138810225,45.6038884365499
"3","valid-orig",521.310739363392,26.8746006856657
"4","valid-corrected",554.149648786457,26.9802357298786
"5","application-orig",612.371181901643,60.2076194926882
"6","application-corrected",614.56136480036,48.685173011984
